volatile_acidity,chlorides,free_sulfur_dioxide,total_sulfur_dioxide,density,pH,sulphates,alcohol,type_white,prediction,actual_quality,absolute_error,squared_error,prediction_status,status,wine_type,pH_bin,alcohol_bin
0.7,0.08,15,110,0.9978,3.2,0.6,10.5,1,5.4125,5.66,0.2475000000000005,0.06125625000000025,True,Correct,White,"(3.133, 3.2]","(9.999, 10.667]"
0.5,0.05,20,80,0.995,3.3,0.7,11.0,0,5.485,5.42,0.06500000000000039,0.004225000000000051,True,Correct,Red,"(3.2, 3.3]","(10.667, 11.667]"
0.4,0.06,25,90,0.994,3.1,0.8,12.0,1,5.4325,5.76,0.3274999999999997,0.10725624999999979,True,Correct,White,"(2.999, 3.133]","(11.667, 12.5]"
0.3,0.04,30,100,0.993,3.0,0.5,12.5,1,5.37,6.13,0.7599999999999998,0.5775999999999997,False,Incorrect,White,"(2.999, 3.133]","(11.667, 12.5]"
0.6,0.07,10,50,0.996,3.2,0.9,10.0,0,5.5,5.38,0.1200000000000001,0.014400000000000026,True,Correct,Red,"(3.133, 3.2]","(9.999, 10.667]"
